[{"model": "pizzeria.menuitem", "pk": 1, "fields": {"name": "Margherita", "category": "pizza", "description": "Classic tomato, mozzarella, and fresh basil.", "image_filename": "margherita.png"}}, {"model": "pizzeria.menuitem", "pk": 2, "fields": {"name": "Pepperoni", "category": "pizza", "description": "Spicy pepperoni with melted cheese and tomato sauce.", "image_filename": "pepperoni.png"}}, {"model": "pizzeria.menuitem", "pk": 3, "fields": {"name": "4 Seasons", "category": "pizza", "description": "A seasonal mix of classic toppings in quarters.", "image_filename": "4seasons.png"}}, {"model": "pizzeria.menuitem", "pk": 4, "fields": {"name": "Cheese", "category": "topping", "description": "Mozzarella cheese topping.", "image_filename": "cheese_topping.png"}}, {"model": "pizzeria.menuitem", "pk": 5, "fields": {"name": "Mushrooms", "category": "topping", "description": "Fresh mushrooms.", "image_filename": "mushrooms_topping.png"}}, {"model": "pizzeria.menuitem", "pk": 6, "fields": {"name": "Onions", "category": "topping", "description": "Sliced red onions.", "image_filename": "onion_topping.png"}}, {"model": "pizzeria.menuitem", "pk": 7, "fields": {"name": "Sprite", "category": "drink", "description": "Refreshing lemon-lime soda.", "image_filename": "sprite.png"}}, {"model": "pizzeria.menuitem", "pk": 8, "fields": {"name": "Pepsi Max", "category": "drink", "description": "Sugar-free Pepsi.", "image_filename": "pepsimax.png"}}, {"model": "pizzeria.menuitem", "pk": 9, "fields": {"name": "Solo", "category": "drink", "description": "Norwegian orange soda.", "image_filename": "solo.png"}}, {"model": "pizzeria.menuitem", "pk": 10, "fields": {"name": "Burger", "category": "pizza", "description": "Juicy burger-inspired pizza with beef and cheddar.", "image_filename": "burger.png"}}, {"model": "pizzeria.menuitem", "pk": 11, "fields": {"name": "Cheese Pizza", "category": "pizza", "description": "Loaded with rich cheese and a golden crust.", "image_filename": "cheese.png"}}, {"model": "pizzeria.menuitem", "pk": 12, "fields": {"name": "Pickles", "category": "topping", "description": "Tangy sliced pickles.", "image_filename": "pickles.png"}}, {"model": "pizzeria.menuitem", "pk": 13, "fields": {"name": "Corn", "category": "topping", "description": "Sweet corn kernels.", "image_filename": "corn.png"}}, {"model": "pizzeria.menuitem", "pk": 14, "fields": {"name": "Jalapeño", "category": "topping", "description": "Spicy jalapeño pepper slices.", "image_filename": "jalapeno_topping.png"}}, {"model": "pizzeria.menuitem", "pk": 15, "fields": {"name": "Ham", "category": "topping", "description": "Classic ham topping.", "image_filename": "ham_topping.png"}}, {"model": "pizzeria.menuitem", "pk": 16, "fields": {"name": "Ham&Cheese", "category": "pizza", "description": "A classic favorite featuring a rich tomato base, topped with slices of savory ham.", "image_filename": "hamcheese.png"}}, {"model": "pizzeria.menuitem", "pk": 17, "fields": {"name": "Vegetable", "category": "pizza", "description": "A colorful medley of fresh vegetables layered over a zesty tomato sauce and gooey mozzarella cheese.", "image_filename": "vegetable.png"}}, {"model": "pizzeria.menuitem", "pk": 18, "fields": {"name": "Tomatoes", "category": "topping", "description": "", "image_filename": "tomato_topping.png"}}, {"model": "pizzeria.menuitem", "pk": 19, "fields": {"name": "Pepper", "category": "topping", "description": "", "image_filename": "pepper_topping.png"}}, {"model": "pizzeria.menuitem", "pk": 20, "fields": {"name": "Pepperoni", "category": "topping", "description": "", "image_filename": "pepperoni_topping.png"}}, {"model": "pizzeria.menuitemsize", "pk": 101, "fields": {"item": 1, "size": "small", "price": "109.00"}}, {"model": "pizzeria.menuitemsize", "pk": 102, "fields": {"item": 1, "size": "medium", "price": "129.00"}}, {"model": "pizzeria.menuitemsize", "pk": 103, "fields": {"item": 1, "size": "large", "price": "149.00"}}, {"model": "pizzeria.menuitemsize", "pk": 104, "fields": {"item": 2, "size": "small", "price": "109.00"}}, {"model": "pizzeria.menuitemsize", "pk": 105, "fields": {"item": 2, "size": "medium", "price": "129.00"}}, {"model": "pizzeria.menuitemsize", "pk": 106, "fields": {"item": 2, "size": "large", "price": "149.00"}}, {"model": "pizzeria.menuitemsize", "pk": 107, "fields": {"item": 3, "size": "small", "price": "109.00"}}, {"model": "pizzeria.menuitemsize", "pk": 108, "fields": {"item": 3, "size": "medium", "price": "129.00"}}, {"model": "pizzeria.menuitemsize", "pk": 109, "fields": {"item": 3, "size": "large", "price": "149.00"}}, {"model": "pizzeria.menuitemsize", "pk": 110, "fields": {"item": 4, "size": "small", "price": "15.00"}}, {"model": "pizzeria.menuitemsize", "pk": 111, "fields": {"item": 4, "size": "medium", "price": "20.00"}}, {"model": "pizzeria.menuitemsize", "pk": 112, "fields": {"item": 4, "size": "large", "price": "25.00"}}, {"model": "pizzeria.menuitemsize", "pk": 113, "fields": {"item": 5, "size": "small", "price": "15.00"}}, {"model": "pizzeria.menuitemsize", "pk": 114, "fields": {"item": 5, "size": "medium", "price": "20.00"}}, {"model": "pizzeria.menuitemsize", "pk": 115, "fields": {"item": 5, "size": "large", "price": "25.00"}}, {"model": "pizzeria.menuitemsize", "pk": 116, "fields": {"item": 6, "size": "small", "price": "15.00"}}, {"model": "pizzeria.menuitemsize", "pk": 117, "fields": {"item": 6, "size": "medium", "price": "20.00"}}, {"model": "pizzeria.menuitemsize", "pk": 118, "fields": {"item": 6, "size": "large", "price": "25.00"}}, {"model": "pizzeria.menuitemsize", "pk": 119, "fields": {"item": 7, "size": "0.33l", "price": "35.00"}}, {"model": "pizzeria.menuitemsize", "pk": 120, "fields": {"item": 7, "size": "0.5l", "price": "42.00"}}, {"model": "pizzeria.menuitemsize", "pk": 121, "fields": {"item": 7, "size": "1.5l", "price": "55.00"}}, {"model": "pizzeria.menuitemsize", "pk": 122, "fields": {"item": 8, "size": "0.33l", "price": "35.00"}}, {"model": "pizzeria.menuitemsize", "pk": 123, "fields": {"item": 8, "size": "0.5l", "price": "42.00"}}, {"model": "pizzeria.menuitemsize", "pk": 124, "fields": {"item": 8, "size": "1.5l", "price": "55.00"}}, {"model": "pizzeria.menuitemsize", "pk": 125, "fields": {"item": 9, "size": "0.33l", "price": "35.00"}}, {"model": "pizzeria.menuitemsize", "pk": 126, "fields": {"item": 9, "size": "0.5l", "price": "42.00"}}, {"model": "pizzeria.menuitemsize", "pk": 127, "fields": {"item": 9, "size": "1.5l", "price": "55.00"}}, {"model": "pizzeria.menuitemsize", "pk": 128, "fields": {"item": 11, "size": "small", "price": "99.00"}}, {"model": "pizzeria.menuitemsize", "pk": 129, "fields": {"item": 11, "size": "medium", "price": "119.00"}}, {"model": "pizzeria.menuitemsize", "pk": 130, "fields": {"item": 11, "size": "large", "price": "139.00"}}, {"model": "pizzeria.menuitemsize", "pk": 131, "fields": {"item": 14, "size": "small", "price": "15.00"}}, {"model": "pizzeria.menuitemsize", "pk": 132, "fields": {"item": 14, "size": "medium", "price": "20.00"}}, {"model": "pizzeria.menuitemsize", "pk": 133, "fields": {"item": 14, "size": "large", "price": "25.00"}}, {"model": "pizzeria.menuitemsize", "pk": 134, "fields": {"item": 15, "size": "small", "price": "15.00"}}, {"model": "pizzeria.menuitemsize", "pk": 135, "fields": {"item": 15, "size": "medium", "price": "20.00"}}, {"model": "pizzeria.menuitemsize", "pk": 136, "fields": {"item": 15, "size": "large", "price": "25.00"}}, {"model": "pizzeria.menuitemsize", "pk": 137, "fields": {"item": 16, "size": "small", "price": "89.00"}}, {"model": "pizzeria.menuitemsize", "pk": 138, "fields": {"item": 16, "size": "medium", "price": "119.00"}}, {"model": "pizzeria.menuitemsize", "pk": 139, "fields": {"item": 16, "size": "large", "price": "139.00"}}, {"model": "pizzeria.menuitemsize", "pk": 140, "fields": {"item": 17, "size": "small", "price": "89.00"}}, {"model": "pizzeria.menuitemsize", "pk": 141, "fields": {"item": 17, "size": "medium", "price": "100.00"}}, {"model": "pizzeria.menuitemsize", "pk": 142, "fields": {"item": 17, "size": "large", "price": "119.00"}}, {"model": "pizzeria.menuitemsize", "pk": 143, "fields": {"item": 18, "size": "small", "price": "5.00"}}, {"model": "pizzeria.menuitemsize", "pk": 144, "fields": {"item": 18, "size": "medium", "price": "8.00"}}, {"model": "pizzeria.menuitemsize", "pk": 145, "fields": {"item": 18, "size": "large", "price": "13.00"}}, {"model": "pizzeria.menuitemsize", "pk": 146, "fields": {"item": 19, "size": "small", "price": "8.00"}}, {"model": "pizzeria.menuitemsize", "pk": 147, "fields": {"item": 19, "size": "medium", "price": "14.00"}}, {"model": "pizzeria.menuitemsize", "pk": 148, "fields": {"item": 19, "size": "large", "price": "20.00"}}, {"model": "pizzeria.menuitemsize", "pk": 149, "fields": {"item": 20, "size": "small", "price": "10.00"}}, {"model": "pizzeria.menuitemsize", "pk": 150, "fields": {"item": 20, "size": "medium", "price": "15.00"}}, {"model": "pizzeria.menuitemsize", "pk": 151, "fields": {"item": 20, "size": "large", "price": "20.00"}}, {"model": "pizzeria.menuitemsize", "pk": 152, "fields": {"item": 13, "size": "small", "price": "5.00"}}, {"model": "pizzeria.menuitemsize", "pk": 153, "fields": {"item": 13, "size": "medium", "price": "7.00"}}, {"model": "pizzeria.menuitemsize", "pk": 154, "fields": {"item": 13, "size": "large", "price": "10.00"}}, {"model": "pizzeria.menuitemsize", "pk": 155, "fields": {"item": 12, "size": "small", "price": "8.00"}}, {"model": "pizzeria.menuitemsize", "pk": 156, "fields": {"item": 12, "size": "medium", "price": "12.00"}}, {"model": "pizzeria.menuitemsize", "pk": 157, "fields": {"item": 12, "size": "large", "price": "16.00"}}, {"model": "pizzeria.pizzatopping", "pk": 201, "fields": {"pizza": 1, "topping": 4}}, {"model": "pizzeria.pizzatopping", "pk": 202, "fields": {"pizza": 1, "topping": 18}}, {"model": "pizzeria.pizzatopping", "pk": 203, "fields": {"pizza": 2, "topping": 4}}, {"model": "pizzeria.pizzatopping", "pk": 205, "fields": {"pizza": 3, "topping": 4}}, {"model": "pizzeria.pizzatopping", "pk": 206, "fields": {"pizza": 3, "topping": 5}}, {"model": "pizzeria.pizzatopping", "pk": 207, "fields": {"pizza": 3, "topping": 6}}, {"model": "pizzeria.pizzatopping", "pk": 208, "fields": {"pizza": 10, "topping": 4}}, {"model": "pizzeria.pizzatopping", "pk": 209, "fields": {"pizza": 10, "topping": 12}}, {"model": "pizzeria.pizzatopping", "pk": 210, "fields": {"pizza": 10, "topping": 6}}, {"model": "pizzeria.pizzatopping", "pk": 211, "fields": {"pizza": 16, "topping": 4}}, {"model": "pizzeria.pizzatopping", "pk": 212, "fields": {"pizza": 16, "topping": 15}}, {"model": "pizzeria.pizzatopping", "pk": 213, "fields": {"pizza": 17, "topping": 4}}, {"model": "pizzeria.pizzatopping", "pk": 214, "fields": {"pizza": 17, "topping": 5}}, {"model": "pizzeria.pizzatopping", "pk": 215, "fields": {"pizza": 17, "topping": 6}}, {"model": "pizzeria.pizzatopping", "pk": 216, "fields": {"pizza": 17, "topping": 13}}, {"model": "pizzeria.pizzatopping", "pk": 217, "fields": {"pizza": 2, "topping": 20}}, {"model": "admin.logentry", "pk": 1, "fields": {"action_time": "2025-06-05T07:32:34.562Z", "user": 1, "content_type": 9, "object_id": "1", "object_repr": "boss", "action_flag": 2, "change_message": "[{\"changed\": {\"fields\": [\"First name\", \"Last name\"]}}]"}}, {"model": "admin.logentry", "pk": 2, "fields": {"action_time": "2025-06-05T07:32:56.811Z", "user": 1, "content_type": 9, "object_id": "2", "object_repr": "minion", "action_flag": 1, "change_message": "[{\"added\": {}}]"}}, {"model": "admin.logentry", "pk": 3, "fields": {"action_time": "2025-06-05T07:33:14.513Z", "user": 1, "content_type": 9, "object_id": "2", "object_repr": "minion", "action_flag": 2, "change_message": "[{\"changed\": {\"fields\": [\"First name\", \"Staff status\"]}}]"}}, {"model": "admin.logentry", "pk": 4, "fields": {"action_time": "2025-06-05T07:33:27.800Z", "user": 1, "content_type": 9, "object_id": "2", "object_repr": "minion", "action_flag": 2, "change_message": "[{\"changed\": {\"fields\": [\"Email address\"]}}]"}}, {"model": "admin.logentry", "pk": 5, "fields": {"action_time": "2025-06-05T07:34:04.032Z", "user": 1, "content_type": 9, "object_id": "3", "object_repr": "pizzafan", "action_flag": 1, "change_message": "[{\"added\": {}}]"}}, {"model": "admin.logentry", "pk": 6, "fields": {"action_time": "2025-06-05T07:34:28.396Z", "user": 1, "content_type": 9, "object_id": "3", "object_repr": "pizzafan", "action_flag": 2, "change_message": "[{\"changed\": {\"fields\": [\"First name\", \"Email address\"]}}]"}}, {"model": "admin.logentry", "pk": 7, "fields": {"action_time": "2025-06-05T07:35:29.012Z", "user": 1, "content_type": 1, "object_id": "16", "object_repr": "Ham&Cheese", "action_flag": 1, "change_message": "[{\"added\": {}}, {\"added\": {\"name\": \"menu item size\", \"object\": \"Ham&Cheese - small\"}}, {\"added\": {\"name\": \"menu item size\", \"object\": \"Ham&Cheese - medium\"}}, {\"added\": {\"name\": \"menu item size\", \"object\": \"Ham&Cheese - large\"}}]"}}, {"model": "admin.logentry", "pk": 8, "fields": {"action_time": "2025-06-05T07:35:39.796Z", "user": 1, "content_type": 1, "object_id": "16", "object_repr": "Ham&Cheese", "action_flag": 2, "change_message": "[{\"added\": {\"name\": \"pizza topping\", \"object\": \"Ham&Cheese\"}}, {\"added\": {\"name\": \"pizza topping\", \"object\": \"Ham&Cheese\"}}]"}}, {"model": "admin.logentry", "pk": 9, "fields": {"action_time": "2025-06-05T07:36:30.120Z", "user": 1, "content_type": 1, "object_id": "17", "object_repr": "Vegetable", "action_flag": 1, "change_message": "[{\"added\": {}}, {\"added\": {\"name\": \"menu item size\", \"object\": \"Vegetable - small\"}}, {\"added\": {\"name\": \"menu item size\", \"object\": \"Vegetable - medium\"}}, {\"added\": {\"name\": \"menu item size\", \"object\": \"Vegetable - large\"}}]"}}, {"model": "admin.logentry", "pk": 10, "fields": {"action_time": "2025-06-05T07:36:45.241Z", "user": 1, "content_type": 1, "object_id": "17", "object_repr": "Vegetable", "action_flag": 2, "change_message": "[{\"added\": {\"name\": \"pizza topping\", \"object\": \"Vegetable\"}}, {\"added\": {\"name\": \"pizza topping\", \"object\": \"Vegetable\"}}, {\"added\": {\"name\": \"pizza topping\", \"object\": \"Vegetable\"}}, {\"added\": {\"name\": \"pizza topping\", \"object\": \"Vegetable\"}}]"}}, {"model": "admin.logentry", "pk": 11, "fields": {"action_time": "2025-06-05T07:37:12.338Z", "user": 1, "content_type": 1, "object_id": "18", "object_repr": "Tomatoes", "action_flag": 1, "change_message": "[{\"added\": {}}, {\"added\": {\"name\": \"menu item size\", \"object\": \"Tomatoes - small\"}}, {\"added\": {\"name\": \"menu item size\", \"object\": \"Tomatoes - medium\"}}, {\"added\": {\"name\": \"menu item size\", \"object\": \"Tomatoes - large\"}}]"}}, {"model": "admin.logentry", "pk": 12, "fields": {"action_time": "2025-06-05T07:37:40.305Z", "user": 1, "content_type": 1, "object_id": "19", "object_repr": "Pepper", "action_flag": 1, "change_message": "[{\"added\": {}}, {\"added\": {\"name\": \"menu item size\", \"object\": \"Pepper - small\"}}, {\"added\": {\"name\": \"menu item size\", \"object\": \"Pepper - medium\"}}, {\"added\": {\"name\": \"menu item size\", \"object\": \"Pepper - large\"}}]"}}, {"model": "admin.logentry", "pk": 13, "fields": {"action_time": "2025-06-05T07:38:10.392Z", "user": 1, "content_type": 1, "object_id": "20", "object_repr": "Pepperoni", "action_flag": 1, "change_message": "[{\"added\": {}}, {\"added\": {\"name\": \"menu item size\", \"object\": \"Pepperoni - small\"}}, {\"added\": {\"name\": \"menu item size\", \"object\": \"Pepperoni - medium\"}}, {\"added\": {\"name\": \"menu item size\", \"object\": \"Pepperoni - large\"}}]"}}, {"model": "admin.logentry", "pk": 14, "fields": {"action_time": "2025-06-05T07:38:23.712Z", "user": 1, "content_type": 1, "object_id": "2", "object_repr": "Pepperoni", "action_flag": 2, "change_message": "[{\"added\": {\"name\": \"pizza topping\", \"object\": \"Pepperoni\"}}, {\"deleted\": {\"name\": \"pizza topping\", \"object\": \"Pepperoni\"}}]"}}, {"model": "admin.logentry", "pk": 15, "fields": {"action_time": "2025-06-05T07:38:37.459Z", "user": 1, "content_type": 1, "object_id": "1", "object_repr": "Margherita", "action_flag": 2, "change_message": "[{\"changed\": {\"name\": \"pizza topping\", \"object\": \"Margherita\", \"fields\": [\"Topping\"]}}]"}}, {"model": "admin.logentry", "pk": 16, "fields": {"action_time": "2025-06-05T07:39:19.015Z", "user": 1, "content_type": 1, "object_id": "20", "object_repr": "Pepperoni", "action_flag": 2, "change_message": "[{\"changed\": {\"fields\": [\"Image filename\"]}}]"}}, {"model": "admin.logentry", "pk": 17, "fields": {"action_time": "2025-06-05T07:39:37.110Z", "user": 1, "content_type": 1, "object_id": "16", "object_repr": "Ham&Cheese", "action_flag": 2, "change_message": "[{\"changed\": {\"fields\": [\"Description\"]}}]"}}, {"model": "admin.logentry", "pk": 18, "fields": {"action_time": "2025-06-05T07:40:20.434Z", "user": 1, "content_type": 1, "object_id": "13", "object_repr": "Corn", "action_flag": 2, "change_message": "[{\"added\": {\"name\": \"menu item size\", \"object\": \"Corn - small\"}}, {\"added\": {\"name\": \"menu item size\", \"object\": \"Corn - medium\"}}, {\"added\": {\"name\": \"menu item size\", \"object\": \"Corn - large\"}}]"}}, {"model": "admin.logentry", "pk": 19, "fields": {"action_time": "2025-06-05T07:40:25.347Z", "user": 1, "content_type": 1, "object_id": "14", "object_repr": "Jalapeño", "action_flag": 2, "change_message": "[]"}}, {"model": "admin.logentry", "pk": 20, "fields": {"action_time": "2025-06-05T07:40:31.329Z", "user": 1, "content_type": 1, "object_id": "5", "object_repr": "Mushrooms", "action_flag": 2, "change_message": "[]"}}, {"model": "admin.logentry", "pk": 21, "fields": {"action_time": "2025-06-05T07:40:56.613Z", "user": 1, "content_type": 1, "object_id": "12", "object_repr": "Pickles", "action_flag": 2, "change_message": "[{\"added\": {\"name\": \"menu item size\", \"object\": \"Pickles - small\"}}, {\"added\": {\"name\": \"menu item size\", \"object\": \"Pickles - medium\"}}, {\"added\": {\"name\": \"menu item size\", \"object\": \"Pickles - large\"}}]"}}, {"model": "admin.logentry", "pk": 22, "fields": {"action_time": "2025-06-05T07:41:12.648Z", "user": 1, "content_type": 1, "object_id": "18", "object_repr": "Tomatoes", "action_flag": 2, "change_message": "[{\"changed\": {\"fields\": [\"Image filename\"]}}]"}}, {"model": "admin.logentry", "pk": 23, "fields": {"action_time": "2025-06-05T07:41:33.347Z", "user": 1, "content_type": 1, "object_id": "20", "object_repr": "Pepperoni", "action_flag": 2, "change_message": "[{\"changed\": {\"fields\": [\"Image filename\"]}}]"}}, {"model": "auth.permission", "pk": 1, "fields": {"name": "Can add menu item", "content_type": 1, "codename": "add_menuitem"}}, {"model": "auth.permission", "pk": 2, "fields": {"name": "Can change menu item", "content_type": 1, "codename": "change_menuitem"}}, {"model": "auth.permission", "pk": 3, "fields": {"name": "Can delete menu item", "content_type": 1, "codename": "delete_menuitem"}}, {"model": "auth.permission", "pk": 4, "fields": {"name": "Can view menu item", "content_type": 1, "codename": "view_menuitem"}}, {"model": "auth.permission", "pk": 5, "fields": {"name": "Can add menu item size", "content_type": 2, "codename": "add_menuitemsize"}}, {"model": "auth.permission", "pk": 6, "fields": {"name": "Can change menu item size", "content_type": 2, "codename": "change_menuitemsize"}}, {"model": "auth.permission", "pk": 7, "fields": {"name": "Can delete menu item size", "content_type": 2, "codename": "delete_menuitemsize"}}, {"model": "auth.permission", "pk": 8, "fields": {"name": "Can view menu item size", "content_type": 2, "codename": "view_menuitemsize"}}, {"model": "auth.permission", "pk": 9, "fields": {"name": "Can add pizza topping", "content_type": 3, "codename": "add_pizzatopping"}}, {"model": "auth.permission", "pk": 10, "fields": {"name": "Can change pizza topping", "content_type": 3, "codename": "change_pizzatopping"}}, {"model": "auth.permission", "pk": 11, "fields": {"name": "Can delete pizza topping", "content_type": 3, "codename": "delete_pizzatopping"}}, {"model": "auth.permission", "pk": 12, "fields": {"name": "Can view pizza topping", "content_type": 3, "codename": "view_pizzatopping"}}, {"model": "auth.permission", "pk": 13, "fields": {"name": "Can add order", "content_type": 4, "codename": "add_order"}}, {"model": "auth.permission", "pk": 14, "fields": {"name": "Can change order", "content_type": 4, "codename": "change_order"}}, {"model": "auth.permission", "pk": 15, "fields": {"name": "Can delete order", "content_type": 4, "codename": "delete_order"}}, {"model": "auth.permission", "pk": 16, "fields": {"name": "Can view order", "content_type": 4, "codename": "view_order"}}, {"model": "auth.permission", "pk": 17, "fields": {"name": "Can add order item", "content_type": 5, "codename": "add_orderitem"}}, {"model": "auth.permission", "pk": 18, "fields": {"name": "Can change order item", "content_type": 5, "codename": "change_orderitem"}}, {"model": "auth.permission", "pk": 19, "fields": {"name": "Can delete order item", "content_type": 5, "codename": "delete_orderitem"}}, {"model": "auth.permission", "pk": 20, "fields": {"name": "Can view order item", "content_type": 5, "codename": "view_orderitem"}}, {"model": "auth.permission", "pk": 21, "fields": {"name": "Can add log entry", "content_type": 6, "codename": "add_logentry"}}, {"model": "auth.permission", "pk": 22, "fields": {"name": "Can change log entry", "content_type": 6, "codename": "change_logentry"}}, {"model": "auth.permission", "pk": 23, "fields": {"name": "Can delete log entry", "content_type": 6, "codename": "delete_logentry"}}, {"model": "auth.permission", "pk": 24, "fields": {"name": "Can view log entry", "content_type": 6, "codename": "view_logentry"}}, {"model": "auth.permission", "pk": 25, "fields": {"name": "Can add permission", "content_type": 7, "codename": "add_permission"}}, {"model": "auth.permission", "pk": 26, "fields": {"name": "Can change permission", "content_type": 7, "codename": "change_permission"}}, {"model": "auth.permission", "pk": 27, "fields": {"name": "Can delete permission", "content_type": 7, "codename": "delete_permission"}}, {"model": "auth.permission", "pk": 28, "fields": {"name": "Can view permission", "content_type": 7, "codename": "view_permission"}}, {"model": "auth.permission", "pk": 29, "fields": {"name": "Can add group", "content_type": 8, "codename": "add_group"}}, {"model": "auth.permission", "pk": 30, "fields": {"name": "Can change group", "content_type": 8, "codename": "change_group"}}, {"model": "auth.permission", "pk": 31, "fields": {"name": "Can delete group", "content_type": 8, "codename": "delete_group"}}, {"model": "auth.permission", "pk": 32, "fields": {"name": "Can view group", "content_type": 8, "codename": "view_group"}}, {"model": "auth.permission", "pk": 33, "fields": {"name": "Can add user", "content_type": 9, "codename": "add_user"}}, {"model": "auth.permission", "pk": 34, "fields": {"name": "Can change user", "content_type": 9, "codename": "change_user"}}, {"model": "auth.permission", "pk": 35, "fields": {"name": "Can delete user", "content_type": 9, "codename": "delete_user"}}, {"model": "auth.permission", "pk": 36, "fields": {"name": "Can view user", "content_type": 9, "codename": "view_user"}}, {"model": "auth.permission", "pk": 37, "fields": {"name": "Can add content type", "content_type": 10, "codename": "add_contenttype"}}, {"model": "auth.permission", "pk": 38, "fields": {"name": "Can change content type", "content_type": 10, "codename": "change_contenttype"}}, {"model": "auth.permission", "pk": 39, "fields": {"name": "Can delete content type", "content_type": 10, "codename": "delete_contenttype"}}, {"model": "auth.permission", "pk": 40, "fields": {"name": "Can view content type", "content_type": 10, "codename": "view_contenttype"}}, {"model": "auth.permission", "pk": 41, "fields": {"name": "Can add session", "content_type": 11, "codename": "add_session"}}, {"model": "auth.permission", "pk": 42, "fields": {"name": "Can change session", "content_type": 11, "codename": "change_session"}}, {"model": "auth.permission", "pk": 43, "fields": {"name": "Can delete session", "content_type": 11, "codename": "delete_session"}}, {"model": "auth.permission", "pk": 44, "fields": {"name": "Can view session", "content_type": 11, "codename": "view_session"}}, {"model": "auth.user", "pk": 1, "fields": {"password": "pbkdf2_sha256$1000000$yed1ayxU078FGuHSmEQavZ$nKAVuhi56hWnmKFgirJW7Jmh4UPpodljQ38WORwA9CI=", "last_login": "2025-06-05T07:44:08.817Z", "is_superuser": true, "username": "boss", "first_name": "boss", "last_name": "pizza", "email": "boss@gmail.com", "is_staff": true, "is_active": true, "date_joined": "2025-06-05T07:31:07Z", "groups": [], "user_permissions": []}}, {"model": "auth.user", "pk": 2, "fields": {"password": "pbkdf2_sha256$1000000$6fZ0E25mfGF427ZuIQAZhy$BjTm7NtXDrJNB+jvOnu65MLtvya90qn/aCdYrPyW9+o=", "last_login": null, "is_superuser": false, "username": "minion", "first_name": "Staff", "last_name": "", "email": "staff@gmail.com", "is_staff": true, "is_active": true, "date_joined": "2025-06-05T07:32:56Z", "groups": [], "user_permissions": []}}, {"model": "auth.user", "pk": 3, "fields": {"password": "pbkdf2_sha256$1000000$xDZok4tZQScYwNtGmciTCI$495+X76HHsilmbHYHwB2SoZ4eciMVyYIF+GqPQoSj5M=", "last_login": null, "is_superuser": false, "username": "pizzafan", "first_name": "ilovepizza", "last_name": "", "email": "ilovepizza@gmail.com", "is_staff": false, "is_active": true, "date_joined": "2025-06-05T07:34:03Z", "groups": [], "user_permissions": []}}, {"model": "contenttypes.contenttype", "pk": 1, "fields": {"app_label": "pizzeria", "model": "menuitem"}}, {"model": "contenttypes.contenttype", "pk": 2, "fields": {"app_label": "pizzeria", "model": "menuitemsize"}}, {"model": "contenttypes.contenttype", "pk": 3, "fields": {"app_label": "pizzeria", "model": "pizzatopping"}}, {"model": "contenttypes.contenttype", "pk": 4, "fields": {"app_label": "pizzeria", "model": "order"}}, {"model": "contenttypes.contenttype", "pk": 5, "fields": {"app_label": "pizzeria", "model": "orderitem"}}, {"model": "contenttypes.contenttype", "pk": 6, "fields": {"app_label": "admin", "model": "logentry"}}, {"model": "contenttypes.contenttype", "pk": 7, "fields": {"app_label": "auth", "model": "permission"}}, {"model": "contenttypes.contenttype", "pk": 8, "fields": {"app_label": "auth", "model": "group"}}, {"model": "contenttypes.contenttype", "pk": 9, "fields": {"app_label": "auth", "model": "user"}}, {"model": "contenttypes.contenttype", "pk": 10, "fields": {"app_label": "contenttypes", "model": "contenttype"}}, {"model": "contenttypes.contenttype", "pk": 11, "fields": {"app_label": "sessions", "model": "session"}}, {"model": "sessions.session", "pk": "0be2kzhme170vaoys9gxhyl8fk0vu7ht", "fields": {"session_data": ".eJxVjEsOAiEQRO_C2hBpmmZ06d4zkOYnowaSYWZlvLuSzEKXVe9VvYTjbS1u62lxcxRnocTht_McHqkOEO9cb02GVtdl9nIocqddXltMz8vu_h0U7mWsKSsPSMGT1XAE4yFPCRVZa6LyGkGTsojWJs4cgPCbtUJjTjwFAvH-AL1eNns:1uN5Gi:FN81JphNCk8yg7__D8E4wuUlGm9ief0H9kDRuj-rFKE", "expire_date": "2025-06-19T07:44:08.820Z"}}]