[
    {
      "model": "pizzeria.menuitem",
      "pk": 1,
      "fields": {
        "name": "Margherita",
        "category": "pizza",
        "description": "Classic tomato, mozzarella, and fresh basil.",
        "image_filename": "margherita.png"
      }
    },
    {
      "model": "pizzeria.menuitem",
      "pk": 2,
      "fields": {
        "name": "Pepperoni",
        "category": "pizza",
        "description": "Spicy pepperoni with melted cheese and tomato sauce.",
        "image_filename": "pepperoni.png"
      }
    },
    {
      "model": "pizzeria.menuitem",
      "pk": 3,
      "fields": {
        "name": "4 Seasons",
        "category": "pizza",
        "description": "A seasonal mix of classic toppings in quarters.",
        "image_filename": "4seasons.png"
      }
    },
    {
      "model": "pizzeria.menuitem",
      "pk": 10,
      "fields": {
        "name": "Burger",
        "category": "pizza",
        "description": "Juicy burger-inspired pizza with beef and cheddar.",
        "image_filename": "burger.png"
      }
    },
    {
      "model": "pizzeria.menuitem",
      "pk": 11,
      "fields": {
        "name": "Cheese Pizza",
        "category": "pizza",
        "description": "Loaded with rich cheese and a golden crust.",
        "image_filename": "cheese.png"
      }
    },
    {
      "model": "pizzeria.menuitem",
      "pk": 12,
      "fields": {
        "name": "Pickles",
        "category": "topping",
        "description": "Tangy sliced pickles.",
        "image_filename": "pickles.png"
      }
    },
    {
      "model": "pizzeria.menuitem",
      "pk": 13,
      "fields": {
        "name": "Corn",
        "category": "topping",
        "description": "Sweet corn kernels.",
        "image_filename": "corn.png"
      }
    },
    {
      "model": "pizzeria.menuitem",
      "pk": 14,
      "fields": {
        "name": "Jalapeño",
        "category": "topping",
        "description": "Spicy jalapeño pepper slices.",
        "image_filename": "jalapeno_topping.png"
      }
    },
    {
      "model": "pizzeria.menuitem",
      "pk": 15,
      "fields": {
        "name": "Ham",
        "category": "topping",
        "description": "Classic ham topping.",
        "image_filename": "ham_topping.png"
      }
    },
    {
      "model": "pizzeria.menuitem",
      "pk": 4,
      "fields": {
        "name": "Cheese",
        "category": "topping",
        "description": "Mozzarella cheese topping.",
        "image_filename": "cheese_topping.png"
      }
    },
    {
      "model": "pizzeria.menuitem",
      "pk": 5,
      "fields": {
        "name": "Mushrooms",
        "category": "topping",
        "description": "Fresh mushrooms.",
        "image_filename": "mushrooms_topping.png"
      }
    },
    {
      "model": "pizzeria.menuitem",
      "pk": 6,
      "fields": {
        "name": "Onions",
        "category": "topping",
        "description": "Sliced red onions.",
        "image_filename": "onion_topping.png"
      }
    },
    {
      "model": "pizzeria.menuitem",
      "pk": 7,
      "fields": {
        "name": "Sprite",
        "category": "drink",
        "description": "Refreshing lemon-lime soda.",
        "image_filename": "sprite.png"
      }
    },
    {
      "model": "pizzeria.menuitem",
      "pk": 8,
      "fields": {
        "name": "Pepsi Max",
        "category": "drink",
        "description": "Sugar-free Pepsi.",
        "image_filename": "pepsimax.png"
      }
    },
    {
      "model": "pizzeria.menuitem",
      "pk": 9,
      "fields": {
        "name": "Solo",
        "category": "drink",
        "description": "Norwegian orange soda.",
        "image_filename": "solo.png"
      }
    },
    {
      "model": "pizzeria.menuitemsize",
      "pk": 101,
      "fields": {
        "item": 1,
        "size": "small",
        "price": 109
      }
    },
    {
      "model": "pizzeria.menuitemsize",
      "pk": 102,
      "fields": {
        "item": 1,
        "size": "medium",
        "price": 129
      }
    },
    {
      "model": "pizzeria.menuitemsize",
      "pk": 103,
      "fields": {
        "item": 1,
        "size": "large",
        "price": 149
      }
    },
    {
      "model": "pizzeria.menuitemsize",
      "pk": 104,
      "fields": {
        "item": 2,
        "size": "small",
        "price": 109
      }
    },
    {
      "model": "pizzeria.menuitemsize",
      "pk": 105,
      "fields": {
        "item": 2,
        "size": "medium",
        "price": 129
      }
    },
    {
      "model": "pizzeria.menuitemsize",
      "pk": 106,
      "fields": {
        "item": 2,
        "size": "large",
        "price": 149
      }
    },
    {
      "model": "pizzeria.menuitemsize",
      "pk": 107,
      "fields": {
        "item": 3,
        "size": "small",
        "price": 109
      }
    },
    {
      "model": "pizzeria.menuitemsize",
      "pk": 108,
      "fields": {
        "item": 3,
        "size": "medium",
        "price": 129
      }
    },
    {
      "model": "pizzeria.menuitemsize",
      "pk": 109,
      "fields": {
        "item": 3,
        "size": "large",
        "price": 149
      }
    },
    {
      "model": "pizzeria.menuitemsize",
      "pk": 110,
      "fields": {
        "item": 4,
        "size": "small",
        "price": 15
      }
    },
    {
      "model": "pizzeria.menuitemsize",
      "pk": 111,
      "fields": {
        "item": 4,
        "size": "medium",
        "price": 20
      }
    },
    {
      "model": "pizzeria.menuitemsize",
      "pk": 112,
      "fields": {
        "item": 4,
        "size": "large",
        "price": 25
      }
    },
    {
      "model": "pizzeria.menuitemsize",
      "pk": 113,
      "fields": {
        "item": 5,
        "size": "small",
        "price": 15
      }
    },
    {
      "model": "pizzeria.menuitemsize",
      "pk": 114,
      "fields": {
        "item": 5,
        "size": "medium",
        "price": 20
      }
    },
    {
      "model": "pizzeria.menuitemsize",
      "pk": 115,
      "fields": {
        "item": 5,
        "size": "large",
        "price": 25
      }
    },
    {
      "model": "pizzeria.menuitemsize",
      "pk": 116,
      "fields": {
        "item": 6,
        "size": "small",
        "price": 15
      }
    },
    {
      "model": "pizzeria.menuitemsize",
      "pk": 117,
      "fields": {
        "item": 6,
        "size": "medium",
        "price": 20
      }
    },
    {
      "model": "pizzeria.menuitemsize",
      "pk": 118,
      "fields": {
        "item": 6,
        "size": "large",
        "price": 25
      }
    },
    {
      "model": "pizzeria.menuitemsize",
      "pk": 119,
      "fields": {
        "item": 7,
        "size": "0.33l",
        "price": 35
      }
    },
    {
      "model": "pizzeria.menuitemsize",
      "pk": 120,
      "fields": {
        "item": 7,
        "size": "0.5l",
        "price": 42
      }
    },
    {
      "model": "pizzeria.menuitemsize",
      "pk": 121,
      "fields": {
        "item": 7,
        "size": "1.5l",
        "price": 55
      }
    },
    {
      "model": "pizzeria.menuitemsize",
      "pk": 122,
      "fields": {
        "item": 8,
        "size": "0.33l",
        "price": 35
      }
    },
    {
      "model": "pizzeria.menuitemsize",
      "pk": 123,
      "fields": {
        "item": 8,
        "size": "0.5l",
        "price": 42
      }
    },
    {
      "model": "pizzeria.menuitemsize",
      "pk": 124,
      "fields": {
        "item": 8,
        "size": "1.5l",
        "price": 55
      }
    },
    {
      "model": "pizzeria.menuitemsize",
      "pk": 125,
      "fields": {
        "item": 9,
        "size": "0.33l",
        "price": 35
      }
    },
    {
      "model": "pizzeria.menuitemsize",
      "pk": 126,
      "fields": {
        "item": 9,
        "size": "0.5l",
        "price": 42
      }
    },
    {
      "model": "pizzeria.menuitemsize",
      "pk": 127,
      "fields": {
        "item": 9,
        "size": "1.5l",
        "price": 55
      }
    },
    {
      "model": "pizzeria.menuitemsize",
      "pk": 128,
      "fields": {
        "item": 11,
        "size": "small",
        "price": 99
      }
    },
    {
      "model": "pizzeria.menuitemsize",
      "pk": 129,
      "fields": {
        "item": 11,
        "size": "medium",
        "price": 119
      }
    },
    {
      "model": "pizzeria.menuitemsize",
      "pk": 130,
      "fields": {
        "item": 11,
        "size": "large",
        "price": 139
      }
    },
    {
      "model": "pizzeria.menuitemsize",
      "pk": 131,
      "fields": {
        "item": 14,
        "size": "small",
        "price": 15
      }
    },
    {
      "model": "pizzeria.menuitemsize",
      "pk": 132,
      "fields": {
        "item": 14,
        "size": "medium",
        "price": 20
      }
    },
    {
      "model": "pizzeria.menuitemsize",
      "pk": 133,
      "fields": {
        "item": 14,
        "size": "large",
        "price": 25
      }
    },
    {
      "model": "pizzeria.menuitemsize",
      "pk": 134,
      "fields": {
        "item": 15,
        "size": "small",
        "price": 15
      }
    },
    {
      "model": "pizzeria.menuitemsize",
      "pk": 135,
      "fields": {
        "item": 15,
        "size": "medium",
        "price": 20
      }
    },
    {
      "model": "pizzeria.menuitemsize",
      "pk": 136,
      "fields": {
        "item": 15,
        "size": "large",
        "price": 25
      }
    },
    {
      "model": "pizzeria.pizzatopping",
      "pk": 201,
      "fields": {
        "pizza": 1,
        "topping": 4
      }
    },
    {
      "model": "pizzeria.pizzatopping",
      "pk": 202,
      "fields": {
        "pizza": 1,
        "topping": 5
      }
    },
    {
      "model": "pizzeria.pizzatopping",
      "pk": 203,
      "fields": {
        "pizza": 2,
        "topping": 4
      }
    },
    {
      "model": "pizzeria.pizzatopping",
      "pk": 204,
      "fields": {
        "pizza": 2,
        "topping": 5
      }
    },
    {
      "model": "pizzeria.pizzatopping",
      "pk": 205,
      "fields": {
        "pizza": 3,
        "topping": 4
      }
    },
    {
      "model": "pizzeria.pizzatopping",
      "pk": 206,
      "fields": {
        "pizza": 3,
        "topping": 5
      }
    },
    {
      "model": "pizzeria.pizzatopping",
      "pk": 207,
      "fields": {
        "pizza": 3,
        "topping": 6
      }
    },
    {
      "model": "pizzeria.pizzatopping",
      "pk": 208,
      "fields": {
        "pizza": 10,
        "topping": 4
      }
    },
    {
      "model": "pizzeria.pizzatopping",
      "pk": 209,
      "fields": {
        "pizza": 10,
        "topping": 12
      }
    },
    {
      "model": "pizzeria.pizzatopping",
      "pk": 210,
      "fields": {
        "pizza": 10,
        "topping": 6
      }
    }
  ]